titel,rating,descriptie,artikel_nummer,oude_prijs,prijs,fotos,page_load_time,status_code
,5,,,,,[],1.9755783081054688,200
,5,,,,,[],1.2515835762023926,200
,5,,,,,[],1.2439217567443848,200
,5,,,,,[],1.2403295040130615,200
,5,,,,,[],1.241849422454834,200
,5,,,,,[],1.241952896118164,200
,5,,,,,[],1.2418015003204346,200
,5,,,,,[],1.2638046741485596,200
,5,,,,,[],1.2493577003479004,200
,5,,,,,[],1.2438876628875732,200
